source,title,link,category,content,summary
전자신문,“거리서 불시 체중 측정”… '비만 검문' 나선 튀르키예,https://www.etnews.com/20250530000229,기타,"튀르키예 정부가 비만율을 낮추기 위해 공공장소에서 시민들의 체중을 측정하는 정책을 도입하면서 논란이 일고 있다.

28일(현지시간) 폭스뉴스에 따르면, 튀르키예 보건부는 지난 10일부터 전국 81개주 공공장소에서 시민들의 키와 몸무게, 체질량지수(BMI)를 측정하는 캠페인을 실시하고 있다. 이 캠페인은 7월 10일까지 1000만명의 국민을 목표로 한다.

보건부는 공공장소에 설치된 측정소에서 시민들의 신장과 체중을 측정해 BMI를 계산한다. 과체중(BMI 25 이상)으로 판정된 시민들은 건강생활센터와 가족건강센터에서 영양사의 상담과 모니터링을 받게 된다.

케말 메미쇼을루 보건부 장관은 “비만은 질병이며, 젊을 때는 버틸 수 있어도 나이가 들면 합병증으로 이어진다”고 밝혔다.

그러나 이 정책은 발표 직후부터 시민들의 강한 반발에 부딪혔다.

이들은 정부가 식품 가격 급등이나 농업 정책 등 근본적인 문제는 외면한 채 개인을 문제 삼고 있다고 지적했다. 또한 이는 정부의 과도한 개입이라고 비판했다.

세계보건기구(WHO)에 따르면 튀르키예의 인구는 약 8500만명이며 이 중 32.1%가 비만이다. 이는 미국 성인 비만율 40.3%보다는 낮은 수준이지만 유럽에서는 가장 높은 수준에 속한다.

전문가들은 급등하는 식품 가격과 임금 침체로 인해 건강한 식품 선택이 제한되어 비만율이 높아졌다고 분석했다.

이원지 기자 news21g@etnews.com","튀르키예 보건부는 지난 10일부터 전국 81개주 공공장소에서 시민들의 키와 몸무게, 체질량지수(BMI)를 측정하는 캠페인을 실시하고 있다."
전자신문,올해 미국 최고 인기 드라마는 '오징어 게임2'… “TV·OTT 통틀어 1위”,https://www.etnews.com/20250530000311,기타,"넷플릭스의 한국 드라마 '오징어 게임 시즌 2'(이하 '오징어 게임2')가 미국에서 올해 가장 많이 시청한 시리즈 작품에 등극했다.

29일(현지 시각) 미국 연예매체 버라이어티는 미디어 시청률 조사업체 닐슨의 자료를 인용해 '오징어 게임2'가 2024-2025 시즌 가장 많이 시청된 TV 시리즈 1위를 차지했다고 보도했다.

조사 대상 기간은 지난해부터 올해 4월 초로, 미국의 전통적인 케이블 TV 방송 채널과 스트리밍 플랫폼 공개 작품을 통틀어 35일간의 시청 패턴을 분석한 결과다.

이번 조사에서 '오징어 게임2'는 35일간 2710만회의 평균 집계치를 기록했다. 2위에 오른 넷플릭스 영국 드라마 '소년의 시간'(원제 Adolescence)이 기록한 1900만회를 크게 앞섰다.

'오징어 게임2'는 특히 50세 미만(만 18∼49세) 비교적 젊은 시청자에게 큰 호응을 얻었다. 시청 횟수는 1740만회로 압도적인 1위다. 2위인 '소년의 시간'(920만회)의 두 배에 가까운 수치다.

가장 많이 시청한 드라마 100위에 든 작품 대다수는 넷플릭스, 파라마운트 플러스, 프라임 비디오, 훌루, 디즈니플러스 등 온라인 동영상 서비스(OTT) 작품이었다. 특히 10위권 안에 든 작품 중 5개가 넷플릭스 제작이다. 버라이어티는 “이 통계는 넷플릭스가 얼마나 막대한 영향력을 미치는 미디어 기업인지를 증명한다”고 전했다.
한편, 넷플릭스에 따르면 지난해 12월 26일 공개된 '오징어 게임2'는 지난해 4분기 기준 전 세계 시청 횟수 1억 6570만을 기록했다.

'오징어 게임2'와 함께 촬영한 '오징어 게임3'는 오는 6월 27일 공개될 예정이다. 총 7개 에피소드로 구성됐다.

서희원 기자 shw@etnews.com",미국 연예매체 버라이어티는 미디어 시청률 조사업체 닐슨의 자료를 인용해 넷플릭스의 한국 드라마 '오징어 게임 시즌 2'가 2024-2025 시즌 가장 많이 시청된 TV 시리즈 1위에 올랐다고 밝혔다.
전자신문,[대선 D-3]박근혜  대구 서문시장 방문…“시민들 생각 많이 했다”,https://www.etnews.com/20250531000018,정치,"6·3 대선을 사흘 앞둔 31일 박근혜 전 대통령이 대구 서문시장을 전격 방문해 김문수 국민의힘 대선 후보를 지원하며 막판 보수 결집에 힘을 실었다.
박 전 대통령은 이날 오후 1시께 흰색 셔츠에 감색 바지를 입고, 유영하 국민의힘 의원과 함께 서문시장 동문 입구에 등장했다. 서문시장 일대는 이른 오전부터 '박근혜 대통령님 보고 싶었습니다', '2배로 더 사랑합니다'는 현수막과 지지자들의 환호로 북새통을 이뤘다. 경찰 추산 2,000여 명이 몰려 박 전 대통령을 연호했고, 일대 상인들과 악수를 나누며 짧은 대화를 나눴다.

박 전 대통령은 상인들과 인사를 나누며 호떡과 부침가루를 직접 구매했고, 일부 시민에게는 자신의 자서전과 야구공에 사인을 해주기도 했다. 다만 선거 관련 직접적 언급은 하지 않았고, 김문수 후보에 대한 지지는 간접적인 메시지로 전달됐다.

서문시장은 박 전 대통령의 정치적 고향과도 같은 곳이다. 정치에 입문한 이후 주요 고비가 있을 때마다 이곳을 찾았다. 박 전 대통령은 2016년 12월 탄핵 논란 때도 화재가 난 서문시장을 방문했다.

박 전 대통령은 이날 “며칠 전 김문수 후보께서 동성로 유세에서 많은 분들이 저를 보고 싶다고 하셨다고 들었다”며 “그 이야기를 듣고 가슴이 뭉클했다. 인사를 꼭 드려야겠다는 생각은 늘 있었지만 그렇게 하지 못해 아쉬웠다”고 말했다. 이어 그는 “이렇게 따뜻하게 맞아주셔서 감사하다. 그동안 마음에 걸렸던 것이 조금은 풀리는 느낌”이라고 덧붙였다.
유영하 의원 역시 “박 전 대통령을 반드시 시민들께 다시 모시겠다는 약속을 지키게 되어 감회가 깊다”고 말했다.

국민의힘 선거대책위원회는 박 전 대통령의 행보를 '보수 결집의 기폭제'로 삼겠다는 구상이다. 윤재옥 총괄선대본부장은 이날 현장에서 “대구·경북은 본 투표에서 강한 결집력을 보인다”며 “이번에도 우리 시도민들이 보수의 힘을 보여주실 것”이라고 기대했다.

성현희 기자 sunghh@etnews.com","6·3 대선을 사흘 앞둔 31일 박근혜 전 대통령이 대구 서문시장을 전격 방문해 김문수 국민의힘 대선 후보를 지원하며 막판 보수 결집에 힘을 실었고, 유영하 국민의힘 의원과 함께 서문시장 동문 입구에 등장했다."
전자신문,환경부 “LCA 산출 방법 국제 규제 예의 주시”…중소부품사 지원 논의,https://www.etnews.com/20250531000017,기타,"환경부가 '자동차 온실가스 전과정평가(LCA)' 관련 국제 규제 동향을 예의 주시하고 원활한 제도 시행을 위해 완성차 제조사·자동차 부품사 등과 긴밀히 소통하겠다는 방침을 전했다.

환경부와 국립환경과학원은 30일 서울시 서초구 자동차회관에서 개최한 '자동차 온실가스 전과정평가(LCA) 포럼'에서 LCA에 대한 국외 정책 동향과 국내 중소부품사 지원 정책 등을 공유했다고 밝혔다.

LCA란 자동차 제작의 원료 채취부터 제조, 운행, 폐기에 이르기까지 전과정에서 발생하는 온실가스 배출량을 산출하여 평가하는 것으로, 유럽, 미국, 일본 등 주요 자동차 제작국에서 관심을 갖고 평가 방법 마련 등 관련 정책을 추진하고 있다.

유럽연합(EU)은 2023년 1월부터 올해까지 자동차 온실가스 전과정평가 방법을 개발하고 내년 6월 1일부터 자발적으로 배출량을 보고하도록 하는 법안을 2023년 4월에 확정했다. 유엔 산하 '국제 자동차 규제조화포럼(WP.29)'에서도 자동차 전과정평가 전문가작업반을 구성하고 내년 상반기 채택을 목표로 평가 방법을 개발 중이다.

환경부도 이러한 국제적인 동향에 선제 대응하기 위해 WP.29 논의에 적극 참여하는 한편, 2023년부터 민관 전문가로 구성된 LCA 포럼을 개최하고 있다.

특히 이번 토론회에서는 올해부터 본격적으로 시작한 중소 부품공급사 대상 지원사업을 안내하고 완성차 제조사·부품사들의 적극적인 참여를 이끌었다. 또한 최근 WP.29에서의 LCA 방법 개발 현황과 중소부품사 지원사업의 추진 방향, 자동차 제작사 및 부품 제조사의 대응 현황 등을 논의하고 전문가 및 업계의 의견을 수렴했다.

박수한 건국대 교수는 '유엔 유럽경제위원회(ECE)의 LCA 방법 개발 동향 및 중소부품사 지원사업의 추진 방향'을 주제로 국제 표준 개발 진행 현황과 지원사업의 총괄 개요 및 앞으로의 추진 방향 등을 발표했다. 이어서 완성차 제조사인 현대자동차에서 '현대자동차의 탄소중립 방향'을 공유하고, 부품공급사인 만도에서 '자동차 온실가스 전과정평가 관련 부품사 준비 현황'에 대해서 소개했다.

김익 스마트에코 대표는 '자동차 부품 탄소배출량 평가 지원 추진 계획'을, 김성용 한국화학융합시험연구원 수석연구원은 '자동차 전과정평가 기반 탄소배출량 평가에 대한 제3자 검증 연구 추진계획'을 각각 발표했다.

안세창 환경부 기후탄소정책실장은 “자동차 온실가스 전과정평가 국제 규제 동향을 예의 주시하면서 정부와 자동차 제작사 그리고 부품사가 지속적으로 협력하는 것이 필요하다”라며, “완성차 제조사 및 자동차 부품사 등과 긴밀히 소통하여 현장에서 필요로 하는 제도적, 기술적 기반을 빈틈없이 구축하고, 원활한 제도 시행을 준비하겠다”라고 밝혔다.

이준희 기자 jhlee@etnews.com","환경부가 30일 서울시 서초구 자동차회관에서 개최한 '자동차 온실가스 전과정평가(LCA) 포럼'에서 자동차 제작의 원료 채취부터 제조, 운행, 폐기에 이르기까지 전과정에서 발생하는 온실가스 배출량을 산출하여 평가하는 '자동차 온실가스 전과정평가(LCA)' 관련 국제 규제 동향을 예의 주시하고 원활한 제도 시행을 위해 완성차 제조사·자동차 부품사 등과 긴밀히 소통하겠다는 방침을 세우고 국토교통부와 국립환경과학원은 30일 서울시 서초구 자동차회관에서 개최한 '자동차 온실가스 전과정평가(LCA) 포럼'에서 LCA에 대한 국외 정책 동향과 국내 중소부품사 지원 정책"
전자신문,정자 기증한 유럽男  뒤늦게 돌연변이 유전자 확인… “67명 중 10명이 암”,https://www.etnews.com/20250529000429,기타,"유럽에서 한 남성의 정자로 태어난 아이 67명 가운데 10명이 암 진단을 받아 충격을 주고 있다. 남성이 암 발병률이 높은 돌연변이 유전자를 가졌기 때문이다.

영국 가디언에 따르면 이 사례는 프랑스 루앙대학병원의 생물학자 에드비쥬 카스페르 박사가 최근 이탈리아 밀라노에서 열린 유럽 인간유전학회 연례 학술대회에서 발표했다.

사건은 정자 기증을 받아 태어난 아이가 유전자 변이와 관련한 암에 걸리면서 처음 알려졌다. 두 부부는 자녀에게 암이 발병하자 치료를 받은 난임 클리닉에 알렸는데, 조사 결과 두 부부가 제공받은 정자가 모두 한 사람의 것으로 밝혀졌다.

기증자는 암 억제 유전자인 TP53에 돌연변이가 있는 남성이었다. 이 경우 다양한 암의 발병 위험을 높이는 리-프라우메니 증후군이라는 희귀한 유전질환을 앓을 가능성이 크다.

카스페르 박사는 “인구 및 환자 데이터베이스, 컴퓨터 예측 도구, 기능 시험 결과를 사용해 해당 변이를 분석한 결과, 이 변이가 암을 유발할 가능성이 높고 이 기증자를 통해 태어난 아이들은 유전 상담을 받아야 한다는 결론에 도달했다”고 말했다.

지난 2008∼2015년 프랑스, 독일 등 유럽 8개국에 사는 46가족이 이 남성의 정자를 기증받아 최소 67명의 아이를 출산한 것으로 알려졌다. 기증자 1명당 최대 75가구로 배포를 제한하는 유럽정자은행은 정확한 생물학적 자녀의 수를 공개하지 않는다.

최소 67명 가운데 10명이 뇌종양이나 호지킨림프종 등의 암 진단을 받았다. 또한 13명에게 이 돌연변이 유전자가 확인됐지만, 암이 발병하지는 않은 상태다. 카스페르 박사에 따르면 이 유전자를 가진 경우 자녀에게 암을 물려줄 확률은 50%에 달한다.

기증자는 지난 2008년 덴마크에 있는 유럽정자은행에 정자를 기증했다. 당시에는 TP53 변이와 암 관련성이 규명되지 않은 상태였고, 기증자 본인도 건강한 상태였기 때문에 정자가 사용됐다.

정자은행 측은 기증자가 유전병 보인자인지 확인하기 위해 필요한 기준 이상으로 검사를 실시했다면서 2만개의 유전자를 가진 인간을 대상으로 하는 예방적 유전자 검사에는 한계가 있다고 설명했다.

카스페르 박사는 해당 사례를 들어 “단일 기증자에 대한 출생아 수나 가족 수에 유럽 차원의 제한이 필요하다”고 지적했다.

그는 “모든 정자 기증자에 대한 전장 유전체 시퀀싱(전체 유전체를 분석하는 포괄적 방법)을 할 수는 없다는 것을 알고, 저는 그걸 주장하는 게 아니”라며 “유럽 전역에서 모든 남성이 75명의 자녀를 낳는 것은 아니다. 유전 질환의 비정상적인 확산을 억제해야 한다”고 말했다.

유럽은 나라별로 허용하는 출산 횟수가 다르다. 프랑스는 기증자 1인당 출산 횟수를 10회로 제한하고, 덴마크는 12회, 독일은 15회까지다. 다만 유럽 전체로는 별다른 규제가 없다.

지난해 호주에서는 1970~1980년대 한 남성이 이름을 바꿔가며 무분별하게 정자를 기증해 수십명의 이복형제를 만들어 문제가 된 바 있다. 확인된 이복형제만 56명으로 최대 700명이 한 사람의 정자로 태어났을 가능성이 제기됐다.

서희원 기자 shw@etnews.com",프랑스 루앙대학병원의 생물학자 에드비쥬 카스페르 박사가 최근 이탈리아 밀라노에서 열린 유럽 인간유전학회 연례 학술대회에서 유럽에서 한 남성의 정자로 태어난 아이 67명 가운데 10명이 암 진단을 받아 충격을 주고 있다.
전자신문,[대선 D-3]김문수  강원·TK 관통 '논스톱 유세' 돌입…“제 아내가 저 보다 낫다”,https://www.etnews.com/20250531000006,정치,"6·3 대통령 선거를 앞두고 국민의힘 김문수 대선 후보가 31일 강원과 경북(TK) 지역을 종일 관통하는 이른바 '논스톱 외박 유세'에 돌입한다. 귀가 없이 6월 2일까지 유세에 전념한다는 계획으로, 전통적 보수 지지층이 밀집한 지역을 중심으로 표심 결집에 총력을 기울인다.
김 후보는 이날 오전 강원 홍천·횡성·영월·평창 합동 유세에서 아내 설난영 여사에 관한 얘기를 하는 데 시간을 할애했다. 최근 유시민 전 이사장이 한 유튜브 채널에서 설 여사의 학련 등을 부정적으로 언급한 것을 반박하기 위해서다.

김 후보는 이날 유세 현장에서 “결혼할 땐 저와 제 아내 둘 다 고등학교 졸업 상태였다”며 “김대중 대통령은 목포상고, 노무현 대통령은 부산상고 출신인데, 학력 위주로 하는 이런 건 안 맞다”라고 목소리 높였다.

김 후보는 이날 설 여사에 대한 고마움도 내비쳤다. 그는 “제가 감옥을 두 번 가서 2년 반을 살았는데, 제 아내는 저 나올 때까지 애를 키우고 장사를 하면서 인내해왔다”고 전했다.

앞서 전날 강원 원주시 유세 현장에는 '제 아내가 자랑스럽습니다'라는 문구가 새겨진 흰색 티셔츠를 착용한 채 유세에 나섰고, 공개 발언을 통해 “제 아내가 저보다 낫다. 사람은 살아온 길로 평가받아야 한다”고 강조했다.
이어 김 후보는 강원 속초로 이동해 속초시·인제군·고성군·양양군 합동유세를 진행한다. 오후에는 강릉 수협에서 어업 종사자들과 '어촌 살리는 현장 간담회'를 열고, 강릉 중앙시장과 동해시에서는 거리 유세로 민심을 청취할 예정이다. 어촌 공약과 지역 경제 활성화 비전이 주요 메시지가 될 것으로 예상된다.

강원 일정을 마친 김 후보는 곧장 경북 울진으로 향해 의성군·청송군·영덕군·울진군 지역 합동유세에 나선다. 이어 포항에서는 집중 유세를 벌인 뒤, 최근 해군 초계기 추락사고로 순직한 장병들을 애도하기 위해 해군항공역사관 내 합동분향소를 찾아 조문한다. 마지막 일정은 경주시로 이동해 마무리 유세를 펼친다.

신동욱 국힘의힘 선거대책본부 대변인단 단장은 이날 오전 서울 영등포구 당사에서 기자들과 만나 최근 이준석 개혁신당 대선 후보 및 유시민 전 노무현재단 이사장의 발언 논란과 관련해 “여론조사 공표가 안 되고 있지만 현장 바닥 민심이 크게 움직인 국면으로 판단하고 있다”고 밝혔다.

이는 이준석 후보가 지난 27일 대선 후보 TV 토론회에서 여성 신체에 관한 폭력적 표현을 그대로 사용해 논란을 일으켰던 것과 유시민 전 노무현재단 이사장이 자당 김문수 대선 후보 배우자 설난영 씨에 대해 언급하면서 논란을 빚은 부분이 선거 막판 국민의힘에 유리하게 작용하고 있다는 주장이다.

또한 그는 “사전투표 투표율이 지난 대선보다 조금 저조한 것으로 나타났다”며 “투표 과정에서 여러 제보가 많아서 저희는 저희대로 최대한 확인 작업을 하고, 중앙선거관리위원회에 사실관계 확인을 요청해둔 상태로, 어떻게 처리할지 지속적으로 지켜보도록 하겠다”고 전했다.

성현희 기자 sunghh@etnews.com",국민의힘 김문수 대선 후보가 31일 강원과 경북(TK) 지역을 종일 관통하는 '논스톱 외박 유세'에 돌입하여 전통적 보수 지지층이 밀집한 지역을 중심으로 표심 결집에 총력을 기울임에 따라 강원 홍천·횡성·영월·평창 합동 유세에서 아내 설난영 여사에 관한 얘기를 하는 데 시간을 할애했다.
전자신문,“매드 맥스 실사판”…개조 세미 트럭 '버터컵',https://www.etnews.com/20250530000336,기타,"영화에서나 볼 법한 차량이 장애물들을 박살 냅니다.

미국의 자동차 콘텐츠 크리에이터 웨스틴 샴플린이 만든 개조 차량인데요.

13톤짜리 개조 세미 트럭 '버터컵(Buttercup)'을 소개한다며 지난 30일 자신의 SNS에 올린 겁니다.

샴플린은 성능 실험을 위해 캔자스의 한 활주로에 자동차 17대, 캠핑카 3대, 보트 2대, 무더기의 드럼통 등을 배치했습니다.

차량 앞에 장착한 꼬깔콘 모양 구조물이 장애물을 양쪽으로 튕겨내듯 밀어내는 모습을 볼 수 있는데요. 이 콘형 구조물은 차량이 멈추지 않고 부드럽게 지나갈 수 있도록 돕는 동시에, 충격을 전체에 고르게 분산시켜 차량 손상을 줄이는 역할도 합니다.

전장에서 이런 차량이 쓰인다면 적군 입장에선 공포의 콘이 될지도 모르겠습니다.





#자동차 #콘텐츠 #크리에이터 #트럭 #캠핑카 #드럼통 #버터컵 #꼬깔콘 #충격 #전장 #전쟁

최성훈 기자 csh87@etnews.com","웨스틴 샴플린이 영화에서나 볼 법한 차량이 꼬깔콘 모양 구조물이 장애물을 양쪽으로 튕겨내듯 밀어내는 모습을 볼 수 있는데, 이 콘형 구조물은 차량이 멈추지 않고 부드럽게 지나갈 수 있도록 돕는 동시에 충격을 전체에 고르게 분산시켜 차량 손상을 줄이는 역할도 한다."
전자신문,[대선 D-3]이준석  토론회 발언 고발 당하자…민주당에 '무고죄' 맞고발,https://www.etnews.com/20250531000005,정치,"이준석 개혁신당 선거대책본부는 31일 이 후보의 TV 토론회 발언에 대해 '허위사실'로 고발한 더불어민주당 등을 대상으로 무고죄 혐의로 고발장을 제출했다.

이 후보 선대본은 이날 오전 영등포경찰서에 이 후보 발언에 대해 허위사실이라고 고발한 민주당 등 개인과 단체에 대해 무고 혐의로 고발장을 접수했다고 밝혔다.

하현휘 개혁신당 공명선거본부장은 “이 후보가 토론회 당시 이재명 후보 장남인 이동호 씨에 대해 했던 발언들이 점차 사실로 드러나고 있다”며 “그럼에도 민주당 등에서는 이에 대해 허위사실이라며 어떠한 사과도 하지 않고 있다”고 지적했다. 허 본부장은 “개혁신당은 이를 객관적 진실에 어긋나는 것이라고 보고 응당한 처벌이 가해져야 한다고 판단했다”고 부연했다.
이 후보는 전날 서울 여의도 국회에서 열린 기자회견에서도 “형식적으로 굉장히 잘못했다는 부분에 사과를 드린다”면서도 “현재 국민들께서 그 발언이 실제로 존재했는지에 대한 여부와 그 발언에 대해 민주당이 어떻게 생각하는지 정도는 아셔야 한다”고 말했다. 그러면서 그는 “그것에 대해서 정확한 답변을 하지 않고 가짜뉴스라고 하며 시간을 벌려고 하는 것은 책임 있는 자세가 아니다”라고 지적했다.

성현희 기자 sunghh@etnews.com",이준석 개혁신당 선거대책본부는 31일 오전 영등포경찰서에 이 후보의 TV 토론회 발언에 대해 허위사실이라고 고발한 민주당 등 개인과 단체에 대해 무고 혐의로 고발장을 접수하였으며 개혁신당은 이를 객관적 진실에 어긋나는 것이라고 보고 응당한 처벌이 가해져야 한다고 판단했다.
전자신문,차기 정권서 중기 전용 T커머스 생길까…공약 포함 '눈길',https://www.etnews.com/20250530000137,기타,"오는 6월 3일 대통령 선거를 앞두고 주요 정당이 '중소기업 전용 데이터홈쇼핑(T커머스) 신설'을 공약으로 제시했다. 차기 정부 출범과 함께 홈쇼핑 채널 신설 작업이 개시될 가능성이 높아지면서 업계 이목이 쏠리고 있다.

더불어민주당과 국민의힘은 나란히 중기·소상공인 특화 홈쇼핑 채널을 추가하겠다는 내용을 공약집에 담았다. 방송 커머스를 활용해 소상공인·중소기업 판로 확장을 위한 실질적인 지원을 더하겠다는 의지를 표출했다.

양 당 모두 예상된 행보다. 더불어민주당은 제4기 민생연석회의가 지난 3월 발표한 20대 민생 의제와 60개 정책 과제 중 하나로 중기 전용 T커머스 신설을 제시한 바 있다. 지난 22대 총선 공약으로도 중기 전용 T커머스 신설을 담았다.

국민의힘 또한 집권 여당 시절 꾸준히 채널 신설을 추진해왔다. 당시 대통령 직속 국민통합위원회 소상공인 자생력 높이기 특별위원회는 정책 제안서를 통해 소상공인 전용 TV커머스 채널을 추가해야 한다고 제언한 바 있다.

다만 세부 내용에서는 차이가 있다. 더불어민주당은 채널 신설과 동시에 홈쇼핑 규제 완화를 추진하겠다고 내걸었다. 기존 홈쇼핑 사업자 경쟁력을 제고해 채널 신설 부작용을 최소화 하겠다는 의도다.

이는 업계에서도 줄곧 주장했던 내용 중 하나다. 홈쇼핑 사업자들은 재승인 기준에 맞춰 최소 55% 이상의 상품을 중소기업 제품으로 편성하고 있다. 전용 채널 신설이 추진된다면 기존 사업자 재승인 부관이라도 완화해 달라는 목소리가 높았다.

반면 국민의힘의 경우 중소기업 전용 홈쇼핑 '홈앤쇼핑', '공영홈쇼핑'을 통해 2개 채널을 각각 신설하겠다고 구체적으로 제시했다. 국내 7개 TV홈쇼핑 사업자(CJ·GS·현대·롯데·NS·홈앤쇼핑·공영홈쇼핑) 중 T커머스 채널을 겸영하지 않고 있는 사업자는 홈앤쇼핑과 공영홈쇼핑 뿐이다.

차기 정권의 T커머스 신설 가능성이 높아졌지만 홈쇼핑 업계는 꾸준히 반대 의견을 내고 있다. TV 시청 인구 감소, 송출수수료 갈등 심화 등 이미 업황이 갈수록 나빠지는 상황에서 신규 채널 유입은 출혈 경쟁만 야기한다는 이유에서다. 기존 홈쇼핑 채널의 중소기업 제품 편성 비율 등을 고려했을 때 현재도 충분히 중소기업 판로 확대 역할을 수행하고 있다는 목소리도 나온다.

반면 일각에서는 채널 신설을 원하는 잠재적인 후보군이 늘어날 수 있다는 시각도 있다. 홈쇼핑 전체 시장 규모는 성장세가 꺾였지만 꾸준한 흑자를 기록할 수 있는 산업이다. 특히 홈쇼핑은 재구매율이 높은 40~60대로 단단한 충성 고객층을 형성하고 있다. 기성 오프라인 유통·물류 회사부터 e커머스 플랫폼까지 관심을 보일 만한 지점이다.

서용구 숙명여대 교수는 “성장세가 꺾인 산업에 사업자를 신규로 추가하는 것은 규제를 하나 늘리는 것과 비슷한 효과”라며 “다만 중소기업 판로 확대 등 취지를 고려했을 때 채널을 신설하면서 기존 홈쇼핑 채널에는 인센티브를 주는 정책 전환이 필요해 보인다”고 말했다.

민경하 기자 maxkh@etnews.com",오는 6월 3일 대통령 선거를 앞두고 주요 정당이 '중소기업 전용 데이터홈쇼핑(T커머스) 신설'을 공약으로 제시하면서 업계 이목이 집중되고 있다.
전자신문,전자상거래 결제인증 '유효기간 십수년 경과한 인증서 사용'…금보원 점검 지시,https://www.etnews.com/20250530000278,기타,"일부 카드사들이 전자상거래 결제인증 과정에서 유효기간 18년을 넘긴 인증서를 사용하고 있다는 지적이 불거졌다. 금융보안원도 카드업계에 보안 취약점 점검을 주문했다. SKT 유심 해킹 사태 이후 금융권 결제 보안 체계 관련 경각심이 요구된다.

1일 관련 업계에 따르면 금융보안원은 최근 전체 카드사들에 '안심클릭' 관련 보안 점검 안내문을 발송했다. 일부 카드사가 전자상거래 인증 인프라에서 사용 중인 서버 인증서 유효기간이 20년 전에 만료됐다는 제보가 접수된데 따른 조치다.

인증서는 인터넷쇼핑몰 등 전자상거래 결제시 해당 사이트 결제 상황이 안전하고 신뢰할 수 있는 환경임을 입증하는 역할을 한다. 카드 정보 입력 등 결제 과정에서 사용자 정보를 보호하면서, 안전 거래를 진행하는 기반이다.

제보에 따르면 일부 카드사들이 사용 중인 인증 인프라 유효기간이 2007년 6월에 만료, 신뢰성이 의심된다는 주장이다. 취약한 인증서로 암호화 통신시 해킹 등으로 사용자 결제인증정보가 노출될 가능성이 존재한다는 것이다. 결제인증정보 노출은 사용자 개인정보와 신용정보 노출, 금전적 손실 등 문제를 유발하고 전체 시스템 신뢰성 저하 문제도 일으킬 수 있어 주의가 요구된다.

보안업계 관계자는 “인증서는 안전한 암호화 통신과 서버 신원 확인을 위한 용도로 사용돼 일반적으로 유효기간 만료 시에는 신뢰할 수 없는 사이트로 인지되고, 결제모듈 호출에 영향을 줄 수 있다”고 설명했다.

이번에 문제가 불거진 보안 취약점은 카드사나 전자지급결제대행업체(PG), 쇼핑몰 등이 직접 관리하지 않는 솔루션이라는 점에서 우려를 키운다. 해당 서비스를 이용 중인 카드사와 PG사에서는 문제점이 발생한 인증서가 자신의 결제 모듈과는 직접 관련이 없는 만큼 보안에 큰 문제가 없다는 입장이다. 설령 특정 인증서에서 문제가 발생했더라도 관리 권한이 다른 만큼 책임 역시 없다는 것이다.

금보원은 해당 인증서가 사용되는 결제솔루션을 제공한 업체에 사안을 확인 중인 것으로 알려졌다. 카드사들 역시 금보원 지시에 따라 보안 취약점을 점검하는 등 조치에 나섰다. 금보원은 취약점 점검 등 보고를 통해 문제 발견 시 후속 조치를 취할 방침이다.

일각에서는 이번 제보를 게기로 인증서와 보안 체계 관련 경각심을 일깨워야 한다는 목소리도 나온다. 고도화하고 있는 해킹 기술에 대비해 자체적인 점검과 대비뿐 아니라 인증 및 보안 체계 가이드라인 재점검 필요성이 제기된다.

업계 관계자는 “인증서뿐 아니라 다양한 보안 장치들로 안전하고 신뢰할 수 있는 결제 환경을 마련하고 있다”면서 “취약 점검을 통해 보안 중요성이 커지는 시기에 안전하고 적법한 운영을 이어갈 것”이라고 말했다.

정다은 기자 dandan@etnews.com, 류근일 기자 ryuryu@etnews.com",일부 카드사들이 전자상거래 결제인증 과정에서 유효기간이 18년을 넘긴 인증서를 사용하고 있다는 지적이 불거지자 금융보안원은 최근 전체 카드사들에 '안심클릭' 관련 보안 점검 안내문을 발송했다.
한겨레,김문수 “대학 안 나오면 영부인 할 수 없나…제 딸 욕설·도박 안 해”,https://www.hani.co.kr/arti/politics/election/1200450.html,정치,"김문수 국민의힘 대통령 후보가 대선 전 마지막 토요일인 31일 강원·경북에서 막판 지지층 결집에 나섰다. 김 후보는 유시민씨가 자신의 배우자 설난영씨의 학력과 신분을 비하했다는 논란과 관련해 “노무현 전 대통령 부인 권양숙 여사는 여상을 중퇴했다”며 “많이 배운 사람이나 적게 배운 사람이나 존경받는 대한민국을 만들겠다”고 했다.
김 후보는 이날 오전부터 강원 홍천을 시작으로 ·속초·강릉·동해를 거쳐 경북 울진·포항·경주로 이어지는 동해안 벨트를 돌며 유세를 펼쳤다. 김 후보는 첫 유세 지역인 홍천에서부터 유시민씨 발언을 집중적으로 비판했다. 그는 “어떤 사람이 하는 소리가, 제 아내가 대학을 안 나왔다고 (한다). 결혼할 때 저나 제 아내는 다 고등학교 나왔고, 제 형제와 누님 중에서도 대학에 나온 사람이 없다”며 “김대중 전 대통령은 목포상고 출신이고 노무현 전 대통령도 부산상고 출신이다. 노 전 대통령 부인 권양숙 여사는 여상 중퇴한 사람”이라고 했다.
이어 “대학을 안 나오면 영부인을 할 수 없느냐, 또 대학을 나와야만 뭐 할 수 있는 것처럼 똑똑한 척하는데, 제가 우리 집에서 제일 어리석고, 대학 안 나온 누님이나 형님이 훨씬 돈도 많고 똑똑하다”고 했다. 대표적인 ‘친민주당계’ 명사인 유시민씨가 지난 28일 방송인 김어준씨의 유튜브 채널에 출연해 “(설씨가) 균형이 안 맞을 정도로 대단한 남자와 혼인을 통해 고양됐다고 느낄 수 있다. 유력 대선 후보 배우자 자리가 설씨 인생에선 갈 수 없는 자리”라고 말한 것을 ‘좌파 지식인의 위선과 우월주의’라는 프레임에 엮어 이슈화에 나선 것이다.
김 후보는 이날 포항 유세에서도 “학벌 사회를 반드시 없애야 하지 않겠나. 공장에 다니고, 노동조합을 했다고 해서 사람을 무시하는, 직업을 천하게 생각하는 사회를 없애야 하지 않겠나”라며 “저는 대통령이 되면 누구도 학벌을 가지고 차별하거나 멸시하지 않고, 많이 배운 사람이나 적게 배운 사람이나 존경받을 수 있는 대한민국을 만들겠다”고 말했다.
김 후보는 상습도박과 온라인에서 성폭력적 댓글을 단 혐의(정보통신망법상 음란물 배포) 등으로 지난해 10월 벌금 500만원이 확정된 이재명 더불어민주당 후보 장남 문제도 파고 들었다. 김 후보는 자신의 딸 부부가 모두 사회복지사로 일하고 있다고 언급하면서 “제 딸은 한번도 누구보고 욕하는 것도 없고, 막말도 안 하고 도박도 안 한다. 제 딸이 자랑스럽다”고 했다.
김 후보는 이날 밤 지난 29일 해상 초계기 추락사고로 순직한 장병 4명의 합동분향소가 마련된 포항 해군 항공사령부 체육관에서 조문을 마친 뒤 기자들과 만나 “우리 바다를 지키는 해군 초계기의 탑승자 전원이 돌아가셔서 안타깝다. 조속히 원인이 밝혀지고 다시는 재발하지 않도록 (하겠다)”고 말했다.
한편 국민의힘 선대위 이충형 대변인은 윤석열 전 대통령이 전광훈 목사 집회에서 김 후보 지지를 당부한 것과 관련해 ”집회 관련해선 어떤 내용인지 알지 못한다. 윤 전 대통령은 당을 떠난 자연인이기 때문에 그에 대해 아는 내용이 없고 언급할 내용도 없다”고 했다. 뉴스타파가 보도한 ‘극우 댓글조작팀’ 활동과 국민의힘의 연루 의혹에 대해선 “후보도 당도 모르는 일이다. 드루킹 (댓글 조작)사건을 저지른 정당이 (뉴스타파 보도 내용과) 무관한 우리를 연관 짓는 것 자체가 전혀 사실에 부합하지 않는다”고 했다.
포항/신민정 기자 shin@hani.co.kr",김문수 국민의힘 대통령 후보가 대선 전 마지막 토요일인 31일 강원·경북에서 유시민씨가 자신의 배우자 설난영씨의 학력과 신분을 비하했다는 논란과 관련해 “노무현 전 대통령 부인 권양숙 여사는 여상을 중퇴한 사람”이라며 “많이 배운 사람이나 적게 배운 사람이나 존경받는 대한민국을 만들겠다”고 밝혔다.
한겨레,“김문수 뽑아달라” 윤석열 호소에…김용태 “국힘 근처에 얼씬도 말라”,https://www.hani.co.kr/arti/politics/politics_general/1200445.html,정치,"김용태 국민의힘 비상대책위원장이 ‘김문수 후보 지지’를 호소한 윤석열 전 대통령을 향해 “얼씬도 하지 말라”고 했다.
김 위원장은 31일 페이스북에 “윤 전 대통령은 국민의힘 근처에 얼씬도 하지 마시기 바란다”고 적었다. 이날 윤 전 대통령이 “김문수 국민의힘 대통령 후보에게 힘을 몰아달라”는 내용의 호소문을 내자 국민의힘 쪽에서 ‘거리 두기’에 나선 것이다.
김 위원장은 “오늘 국민의힘은 당헌을 개정하여 대통령의 당무개입 금지를 명문화했다”며 “정확히 말하면 ‘윤석열 방지’ 당헌 개정”이라고 했다. 이어 “윤 전 대통령이 탈당했지만 사실상 출당”이라며 “당초 국민의힘은 자진 탈당하지 않으면 당헌을 개정해 윤 전 대통령을 자동 출당시키는 조항을 신설하려고 했다”고 했다. 윤 전 대통령은 지난 17일 국민의힘 탈당을 선언한 바 있다.
김 위원장은 “(윤 전 대통령이 단행한) 계엄의 최대 수혜자는 이재명 후보”라며 “계엄이 아니었으면 이재명 후보는 대선 출마는커녕 지금쯤 정치권에서 퇴출됐을 것”이라고도 했다.
이재연 기자 jay@hani.co.kr",김용태 국민의힘 비상대책위원장은 31일 페이스북에 ‘김문수 후보 지지’를 호소한 윤석열 전 대통령을 향해 “얼씬도 하지 말라”고 말하며 “윤 전 대통령은 국민의힘 근처에 얼씬도 하지 마시기 바란다”고 적었다.
한겨레,이재명 “유시민 발언 부적절…본인이 사과했으니 국민도 용서할 것”,https://www.hani.co.kr/arti/politics/politics_general/1200444.html,정치,"이재명 더불어민주당 대통령 후보가 설난영씨에 대한 유시민 작가의 발언이 “부적절한 표현”이었다고 했다.
이 후보는 31일 청주 유세 뒤 기자들과 만나 유시민 작가의 발언을 어떻게 생각하느냐는 질문을 받고 “부적절한 표현이었던 것으로 보여진다”고 답했다.
유 작가는 최근 유튜브 방송 ‘김어준의 다스뵈이다'에 출연해 “김문수씨가 ‘학출 노동자’, 대학생 출신 노동자로서 ‘찐 노동자’하고 혼인한 것”이라며 “(김문수 후보의 배우자 설난영씨는) 그런 남자와의 혼인을 통해서 내가 조금 더 고양됐다고 느낄 수 있다”고 말했다. 이어 “유력한 정당의 대통령 후보 배우자라는 자리가 설난영씨의 인생에서는 갈 수가 없는 자리”라며 “그러니까 ‘제정신이 아니다’라는 그런 뜻”이라고 했다. 이후 여성혐오 발언이라는 등의 비판이 제기되자 유 작가는 “표현이 거칠었던 것은 제 잘못”이라며 “여성·노동자 비하 취지로 말한 것은 아니었다”고 해명한 바 있다.
이 후보는 이를 언급하며 “본인이 사과를 하셨다고 하니 우리 국민께서 용서하시지 않을까 생각한다”고 했다. 다만 “설난영 여사께서 ‘못생긴 여자가 노조한다’는 등 그야말로 여성을 비하하는, 노동운동을 비하하는 발언을 한 것 때문에 (유 작가가) 그런 말씀을 하시지 않았을까 하는 생각이 들기도 했다”고도 했다.
이재연 기자 jay@hani.co.kr",이재명 더불어민주당 대통령 후보는 31일 청주 유세 뒤 기자들과 만나 유시민 작가의 발언을 어떻게 생각하느냐는 질문을 받고 “부적절한 표현이었던 것으로 보여진다”고 말했다.
한겨레,노태악 선관위원장 “사전투표 일부 미흡…부정선거 주장 단체 방해 강력대응”,https://www.hani.co.kr/arti/politics/politics_general/1200443.html,기타,"노태악 중앙선거관리위원회 위원장이 제21대 대통령 선거 사전투표 관리가 부실했던 점을 인정하고 사과했다.
노 위원장은 31일 대국민 입장문을 내고 “지난 사전투표 과정에서 관리상 미흡함이 일부 있었다”며 “유권자 여러분께 혼선을 빚게 한 점에 대해 송구스럽게 생각한다”고 했다. 이틀 전 김용빈 사무총장 명의로 “책임을 통감한다”는 내용의 입장문을 낸 데 이어 선관위원장이 직접 사과한 것이다.
선관위는 지난 29일 서울 신촌동 사전투표소에서 투표용지가 반출되는 사태가 발생하자 관리가 부실한 것 아니냐는 비판을 받은 바 있다. 이에 대해 노 위원장은 “부정선거 주장단체에서 조직적으로 사전투표 관리를 방해했다”며 “이에 선관위 직원이 상해를 입거나 사전투표관리관이 의식을 잃은 사례도 있었고, 선관위 사무실을 침입하는 사례 등도 있었다”고 했다. 그러면서 “(이는) 민주주의 근간을 흔드는 불법행위로 중앙선관위는 강력 대응할 것”이라고 했다.
아울러 “앞으로 있을 선거일 투표에서는 안심하고 투표할 수 있도록 더욱 철저히 관리하겠다”고 했다.
이재연 기자 jay@hani.co.kr","노태악 중앙선거관리위원회 위원장은 지난 29일 서울 신촌동 사전투표소에서 투표용지가 반출되는 사태가 발생하자 관리가 부실한 것 아니냐는 비판을 받자 31일 대국민 입장문을 내고 ""지난 사전투표 과정에서 관리상 미흡함이 일부 있었다""며 ""유권자 여러분께 혼선을 빚게 한 점에 대해 송구스럽게 생각한다""라고 사과했다."
한겨레,윤석열  전광훈 집회에 호소문 “김문수에 힘 몰아달라”,https://www.hani.co.kr/arti/politics/politics_general/1200442.html,정치,"윤석열 전 대통령이 제21대 대통령 선거일을 사흘 앞두고 김문수 국민의힘 대통령 후보를 뽑아달라고 호소했다.
이동호 전 여의도연구원 상근부원장은 31일 서울 광화문에서 전광훈 목사 주도로 열린 대한민국바로세우기운동본부 집회에서 윤 전 대통령의 호소문을 대독했다. “이 나라의 자유민주주의를 지키고 나라를 정상화시키기 위해서 오는 6월3일 반드시 투표장에 가셔서 김문수 후보에게 힘을 몰아주시기를 호소드린다”는 내용이다.
윤 전 대통령은 호소문에서 “이 나라는 절체절명의 위기에 처해 있다”며 “지금 기회를 놓치면 너무 많은 시간과 희생을 치러야 하고, 자유민주주의와 정상국가의 회복이 불가능할지 모른다”고 했다. 그러면서 “김문수 후보에게 투표하면 김문수 후보가 대통령이 되고 이 나라의 자유와 미래를 지킬 수 있다”며 “지금 김문수 후보에게 우리의 힘을 모으는 것만이 해답”이라고 했다. “우리는 승리할 수 있고 승리한다”며 “국민 여러분, 청년 여러분 화이팅”이라고도 했다.
윤 전 대통령은 지난 17일 국민의힘 탈당을 선언했다. 이후 21일에는 부정선거 의혹을 다룬 다큐멘터리 영화를 관람하기 위해 공개 행보에 나섰다가 논란에 휩싸인 바 있다.
더불어민주당 중앙선거대책위원회는 “김문수 후보는 국민의 질타에도 윤석열, 전광훈과의 관계를 끊지 않아왔다”며 “윤석열의 호소문은 김문수 후보가 윤석열의 후계자이고 극우 내란 후보임을 명확하게 보여준다”고 했다.
이재연 기자 jay@hani.co.kr",윤석열 전 대통령이 31일 서울 광화문에서 전광훈 목사 주도로 열린 대한민국바로세우기운동본부 집회에서 김문수 국민의힘 대통령 후보를 뽑아달라고 호소했다.
한겨레,이재명 “이재명을 왜 무서워하나  변방 출신에 약자 편이기 때문”,https://www.hani.co.kr/arti/politics/election/1200441.html,정치,"“(국민의힘이) 이재명을 왜 이렇게 무서워하느냐? ‘이재명이 되면 절대 안 된다’고 하는 이유가 뭔지 아십니까, 여러분. 이재명은 변방 출신이고 대기업이 아닌 중소기업 편이고 지방 편이고 약자 편, 어려운 서민 계층 편이기 때문입니다, 여러분.”
31일 충북 청주 오창읍 중심가에서 이재명 더불어민주당 대통령 후보가 이렇게 말하자 운집한 인파에게서 환호와 박수갈채가 쏟아졌다. 이날의 ‘이재명’은 지난 12일 출발한 공식 선거운동 기간의 ‘이재명’과 사뭇 달랐다. 선거운동 기간 내내 ‘진짜 보수’를 자칭하며 ‘성장’과 ‘통합’을 말해온 이 후보는 이날 청주 유세에서는 ‘서민의 편’에서 ‘공정’과 ‘공평’을 거듭 강조했다.
이날 이 후보는 어느 때보다 특권층에 대한 날 선 비판을 이어갔다. 그는 국민의힘을 비롯한 극우세력의 ‘반이재명’ 전선에 대해 “이 기울어진 운동장, 불균등 성장전략으로 특별한 혜택을 보는 특수한 지역, 집단, 계층, 기업들이 정상적인 사회로 전환하면 수십 년간 누려온 특권적 지위를 내려놔야 해서 불안한 것”이라고 목소리를 높였다. 그는 “(그들이) 기존 체제를 유지해야 하니 상식 밖의 주장도 하는 것”이라며 “내란 때문에 벌어진 대선, 내란을 극복하기 위한 대선인데 내란 수괴(윤석열 전 대통령)의 지원을 받는, 내란 수괴와 단절한다고 말하지 못하는, 내란 수괴를 비호하는 후보(김문수 국민의힘 후보를 지칭)가 다시 대선에 나오지 않았느냐”고 공세를 폈다.
그러면서 이 후보는 공평하고 공정한 세상을 강조했다. 대선 출마선언 이후 보여온 ‘우클릭 행보’와는 다소 거리가 있는 발언이다. 그는 “그들이 원하는 게 더 새로운 나라겠는가. 모두가 함께 사는 공평한 세상이겠는가”라며 “이재명이 대통령이 되고 국정을 책임지게 되면 당연히 국제기구들의 권고에 따라서 많은 사람이 공정하게 성장의 기회를 누리고 그 성장의 몫을 기여한 만큼 보장받고, 조금씩 격차와 불평등이 줄어드는 사회로 갈 것 아니냐”고 말했다. 이 후보는 “청년들이 기회가 부족해, 서로를 죽여 없애야 할 전쟁의 상대로 여기게 하지 않고, 함께 손잡고 더 넓어진 기회의 관문을 우애 있고 평화롭게 통과할 수 있는 그런 세상을 우리가 꼭 만들어야 하지 않겠느냐”고도 힘주어 말했다.
이 후보는 “끝까지 살아남아서 우리 모두의 꿈, 공정한 세상, 희망 있는 세상, 자녀들의 미래를 걱정하지 않는 세상, 국민이 이 나라의 주인으로 진정 존중받고 국가 권력과 자원, 국가의 역량이 오로지 국민의 더 나은 삶을 위해서만 효율적으로 쓰이는 진짜 공화국, 진짜 대한민국을 꼭 만들어서 보답하겠다”며 연설을 마무리했다.
이 후보가 이날 중도 보수까지 끌어안기 위한 기존의 우클릭 기조와 결이 다른 메시지를 낸 것을 두고는 ‘표 득실을 넘어선 솔직한 속내를 쏟아낸 것이 아니겠냐’는 평가가 나온다. 민주당 중앙선거대책위원회 관계자는 “워낙 지지층으로부터 기존의 이 후보 스타일대로 시원한 목소리를 내달라는 요구가 많고 현장에서도 속 시원한 발언들에 대한 호응이 높다. 전체적인 선거 기조의 변화가 있었다기보단, 선거 막바지인 만큼 그동안 표심을 의식해 자제해온 발언들을 풀어낸 것 같다”고 말했다.
엄지원 기자 umkija@hani.co.kr",지난 12일 출발한 공식 선거운동 기간의 '이재명'은 지난 12일 출발한 공식 선거운동 기간의 '이재명'과 사뭇 달랐으며 이날 청주 유세에서는 ‘서민의 편’에서 ‘공정’과 ‘공평’을 강조했다.
한겨레,박근혜  선거 앞 8년 만에 대구 서문시장 찾은 이유는?,https://www.hani.co.kr/arti/politics/politics_general/1200439.html,기타,"박근혜 전 대통령이 제21대 대통령 선거일을 사흘 앞두고 대구 서문시장을 찾았다.
박 전 대통령은 31일 오후 대구 서문시장을 방문했다. 박 전 대통령이 이곳을 공식적으로 다녀가는 건 2017년 대통령직 파면 이후 처음이다.
이번 일정에서 대선이나 특정 후보를 언급하지는 않았다. 동2문 입구를 통해 서문시장에 들어선 박 전 대통령은 상인들과 악수 등을 나눈 뒤 약 30분 만에 자리를 떴다. 이날 박 전 대통령을 수행한 강대식 국민의힘 의원은 “(박 전 대통령이) 호떡과 부침가루를 사고, 일부 시민에겐 야구공과 당신 자서전에 사인도 해줬다”며 “상인들에겐 ‘오랜만에 와서 반갑다'는 취지로 얘기했다”고 전했다.
시장을 방문한 뒤 박 전 대통령은 취재진에게 “내가 대구에 온 지 꽤 되지 않았느냐”며 “서문시장과 여기 있는 분들 생각을 많이 했다”고 말했다. 그는 “인사를 꼭 해야 한다고 생각했었지만, 그렇게 하지 못해 아쉬웠다”며 “며칠 전 동성로 유세에서 많은 분이 나를 보고 싶다고 했다고 들었고, 그 얘기를 듣고 가슴이 뭉클했다”고 했다. 그러면서 “항상 (서문시장에) 와야겠다는 마음이 있었는데 오늘에야 이렇게 인사하게 됐다”며 “이렇게 따뜻하게 맞아줘 감사하다. 그동안 마음에 걸렸던 게 조금은 풀리는 느낌”이라고 했다.
이재연 기자 jay@hani.co.kr",박근혜 전 대통령이 31일 오후 대구 서문시장을 방문하여 상인들과 악수 등을 나눈 뒤 약 30분 만에 자리를 떴다.
한겨레,“사랑하고 종경하는 후보님” 이재명 울린 90살 어르신 편지,https://www.hani.co.kr/arti/politics/election/1200436.html,정치,"“사랑하고 종경(존경)하고 좋아하는 이재명 대통령 후보님. 90살 먹은 내가 이럭게(이렇게) 편지를 쓰고 간절하게 빕니다. 가난하고 억울한 사람이 없도록 해주세요.”
이재명 더불어민주당 대통령 후보가 31일 페이스북에 공개한 한 통의 편지가 화제다. ‘전북 전주에 사는 90살 이정례’라고 밝힌 90대 어르신이 대선을 앞두고 간절한 마음을 한 자 한 자 눌러 담은 손편지다.
“사랑하고 종경하고 좋아하는 이재명 대통령 후보님”이라는 말로 연 편지에서 이정례씨는 “그동안 어린 시절부터 얼마(얼마나) 노력하고 힘들게 일해서 이 자리까지 오셨습니까”라고 인사를 건넸다. 이정례씨가 이 후보에게 바라는 바는 간단하지만 간절했다. 그는 편지에 이렇게 적었다. “부디부디 꼭 반드시 대통령이 되어서 우리 백성과 우리나라를 좋게 잘 살게 해주세요. 가난하고 억울한 사람이 없도록 해주세요. 90살 먹은 내가 이럭게(이렇게) 편지를 쓰고 간절하게 빕니다.”
이정례씨는 짧은 편지를 이 후보의 건승을 빌며 마무리했다. “한늘(하늘)에 도우심으로 하시고자 하는 일이 모드 이루어지기를 기원드립니다. 언제나 건강하세요. 늘 응원합니다. 2025년 5월23일 전주에서 이정례가 올림니다(올립니다).”
이 후보는 편지를 공개하며 “90세 이정례 어르신께서 보내주신 이 편지에는 가난하고 억울한 사람이 더는 없기를 바란다는 간절한 소망이 담겨 있었다”고 소개했다. 그는 이어 “서툰 맞춤법과 떨리는 글씨에서 어르신께서 걸어오신 인생의 무게가 고스란히 전해졌다”며 “얼마나 고심하며 한 글자, 한 글자 정성껏 써내려가셨을지…. 그 모습이 눈앞에 선하게 그려져 한동안 마음이 먹먹했다”고 밝혔다.
이 후보는 “대한민국이 이만큼 성장할 수 있었던 것은 수많은 어르신들의 희생이 있었기 때문”이라며 “어르신의 당부를 결코 잊지 않겠다”고 다짐했다.
엄지원 기자 umkija@hani.co.kr",‘전 전주에 사는 90살 이정례’라고 밝힌 90대 어르신이 대선을 앞두고 간절한 마음을 한 자 한 자 눌러 담은 손편지를 페이스북에 공개했다.
한겨레,국힘 “선관위  기본도 안 된 사전투표 관리…나태·무능”,https://www.hani.co.kr/arti/politics/election/1200434.html,기타,"국민의힘은 31일 중앙선거관리위원회가 사전 투표 관리 부실로 불신을 자초하고 있다며 강하게 비판했다.
권성동 원내대표는 이날 페이스북에 글을 올려 “선관위의 기본도 안 된 관리 수준, 도저히 납득할 수 없다”며 “대선 전 ‘흠결 없는 선거’를 약속했지만, 그 약속은 공염불이 됐다”고 했다. 권 원내대표는 “선관위의 나태와 무능이 선거관리 전반에 대한 국민의 불신을 자초하고 있다는 사실을 직시해야 한다”며 “이쯤 되면 선관위가 부정선거론에 대한 비판 뒤에 숨어서 점점 더 ‘배 째라 식’으로 나태해지고 있는 것 아닌가 생각된다”고 비판했다. 지난 29∼30일 사전투표 과정에서 투표용지가 외부로 반출되고 투표함에서 지난해 총선 투표용지가 발견된 점 등을 지적하며 선관위를 강력하게 비판한 것이다. 권 원내대표는 이어 “선관위는 이제부터라도 각성하고 본투표와 개표 관리에 만전을 기울일 것을 강력히 촉구한다”고 했다.
권 원내대표는 “더불어민주당은 엉뚱하게도 ‘대선 불복 빌드업’이라고 정면 왜곡하고 있다”며 “명백한 사실 왜곡이고 허위사실유포 행위일뿐더러, 이것이야말로 민주당이 선관위의 무능과 부실 선거관리를 조장하는 행동”이라고 더불어민주당도 겨냥했다.
김기현 공동선거대책위원장도 페이스북에서 “국민의 소중한 주권을 이렇게까지 우습게 여기는 선관위에 대해 분노하지 않을 수 없다”며 “선거의 신뢰성을 훼손시킨 선관위를 대대적으로 개혁하고 투·개표 제도를 뜯어고쳐야 한다”고 주장했다.
신동욱 수석대변인은 이날 여의도 당사 브리핑에서 “(사전)투표 과정에서 여러 제보가 많아서 우리 대로 최대한 확인 작업을 하고 있다”며 “선관위에도 사실관계 확인을 요청해둔 상태이고, 어떻게 처리할지 지속적으로 지켜보도록 하겠다”고 강조했다. 신 수석대변인은 제보 내용과 관련해 “투표지가 밖으로 유출됐다거나, 지난 총선 투표지가 발견됐다거나, 투표소에서 저희가 직접 확인한 (투표 참여) 숫자와 선관위 발표 숫자에 착오가 있다든지 (등의 사항)”이라며 “이는 투표 관리의 문제이기 때문에, 정치적 유불리를 떠나서라도 확인될 것은 확인돼야 한다”고 했다.
장나래 기자 wing@hani.co.kr",지난 29∼30일 사전투표 과정에서 투표용지가 외부로 반출되고 투표함에서 지난해 총선 투표용지가 발견된 점 등을 지적하며 선관위를 강력하게 비판한 권성동 원내대표는 선관위의 나태와 무능이 선거관리 전반에 대한 국민의 불신을 자초하고 있다는 사실을 직시해야 한다고 주장했다.
한겨레,이재명 “‘댓글조작’ 리박스쿨? 반란행위 아니냐…책임 물어야”,https://www.hani.co.kr/arti/politics/election/1200433.html,정치,"이재명 더불어민주당 대통령 후보가 6·3대선을 앞두고 극우 진영이 ‘이재명 비방 댓글팀’을 운영했다는 의혹과 관련해 31일 “반란행위 아니냐. 마지막 잔뿌리까지 찾아내어 엄정한 책임을 물어야 한다”고 말했다.
이 후보는 이날 경기도 평택 배다리 생태공원 유세에서 탐사전문 매체 ‘뉴스타파’가 보도한 ‘극우 댓글팀’ 의혹을 언급하며 “지금이 어느 시대인데 댓글 조작하고 가짜뉴스 쓰고 체계적으로 준비해서 선거결과를 망치려고 하는 이런 행위를 하느냐”고 목소리를 높였다. 뉴스타파는 앞서 서울 종로의 한 건물에서 ‘자손군’(댓글로 나라를 구하는 자유손가락 군대)이라는 이름의 댓글팀이 운영되고 있다고 보도했다. 이승만·박정희 전 대통령을 지지하는 역사교육 단체인 ‘리박스쿨’이 모집한 댓글팀이 김문수 국민의힘 후보를 지지하고 이재명(민주당)·이준석(개혁신당) 후보를 비방하는 댓글 작업을 벌이고 있다는 내용이다.
이 후보는 “리박스쿨이 뭘까”라고 운을 뗀 뒤 “댓글을 불법으로 달아 국민 여론을 조작하고 선거를 뒤집어보겠다는 범죄집단의 명칭이다. 리는 이승만의 첫 글자, 박은 박정희의 첫 글자가 아닐까 하는 합리적 추론을 해봤다”고 말했다. 이 후보는 특히 리박스쿨이 댓글팀 조직원에게 방과후 프로그램인 ‘늘봄학교’ 관련 프로그램 강사 자격증을 줬다는 의혹을 언급하며 “기본교육도 안 받고 자격증을 받았다는데 그 사람들 혼자 한 일인가. 그 이상한 사람들을 교육시켜 늘봄학교 어린이들 교육과 보육을 책임지면 좋은 것 가르칠 거 같느냐”고 했다.
또 국민의힘도 리박스쿨의 댓글팀 운영에 연루돼있다는 의혹을 언급하며 “거기를 조금씩 조금씩 파보면 나라가 뒤집어질 중범죄 행위가 나올 것 같다. 마지막 잔뿌리까지 찾아내어 엄정한 책임을 반드시 물어야 한다”고 말했다. 이 후보는 청중을 향해 “제보를 많이 해달라”며 “이런 걸 제보하면 5억원씩 주고 해야 한다. 이런 범죄 행위로 나라가 입는 피해가 매우 큰 점을 따지면 (포상금이 5억원이라도) 많은 것도 아니다”라고도 했다. 이어 그는 “범죄 제보나 부정부패 제보에 따른 포상과 보상을 획기적으로 개선하는 제도를 만들까 생각중”이라며 “반드시 뿌리를 싹 뽑아버리자”고 외쳤다.
민주당 중앙선거대책위원회 신속대응단은 이날 낮 댓글팀이 사용했다는 의혹이 있는 서울 종로구의 빌딩을 찾아 기자회견을 열 예정이다.
엄지원 기자 umkija@hani.co.kr",이재명 더불어민주당 대통령 후보가 6·3대선을 앞두고 ‘자손군’(댓글로 나라를 구하는 자유손가락 군대)이라는 이름의 댓글팀을 운영했다는 의혹과 관련해 31일 “반란행위 아니냐. 마지막 잔뿌리까지 찾아내어 엄정한 책임을 물어야 한다”고 말했다.
조선일보,손태영♥권상우  결혼 17년 차에도 사랑꾼 “20주년 화보 찍을 것”,https://www.chosun.com/entertainments/broadcast/2025/05/31/QOCNTT6NYUE2V62MPMN7GEOMJA/,기타,,본문 없음
조선일보,발리 여행 간 조세호  ♥아내가 꾸며준 휴가룩? “결혼 후 스타일 더 좋아져”,https://www.chosun.com/entertainments/broadcast/2025/05/31/MZVNAMWTKNHOIR4ITKFQO5SMBA/,기타,,본문 없음
조선일보,"“이승우 환상 오버헤드→박진섭 결승골"" 전북  울산 ‘현대가 더비’ 3-1 역전승…3만1830명 운집  선두 체제 구축",https://www.chosun.com/sports/football/2025/05/31/JHU74LKOHJRGTRQMWVUU4MBOTE/,기타,,본문 없음
조선일보,중학생이 50대 교사 야구방망이로 폭행… 갈비뼈 부러졌다,https://www.chosun.com/national/regional/2025/05/31/5R6VZEGGF5G7VKDUJGNSGXEMQA/,기타,,본문 없음
조선일보,[K리그2 종합리뷰]'2위' 전남 웃고  '3위' 이랜드 울었다...엇갈린 선두 추격자들의 희비→'시즌 5승' 경남  충북청주전 2-1 역전승,https://www.chosun.com/sports/football/2025/05/31/YZFPJGJLLEDGQCYBRDCEGD2G2Y/,기타,,본문 없음
조선일보,트레블 도전' vs '챔피언 자리 수복' PSG와 인터 밀란  UCL 결승전 프리뷰,https://www.chosun.com/sports/world-football/2025/05/31/IB3QREQDEBOCOUSCCUVCW2J6JM/,기타,,본문 없음
조선일보,[K리그1 라인업]'전주성' 창단 후 첫 매진→운명의 '현대가 더비'  전북 전진우←울산 에릭 공격 선봉…베스트 11 공개,https://www.chosun.com/sports/football/2025/05/31/YQ3ZWCB43BNJNGOIZAM6FEHE6Y/,기타,,본문 없음
조선일보,"기안84  상의 탈의 공개...코쿤 ""시대가 비추는 사나이""",https://www.chosun.com/entertainments/broadcast/2025/05/31/PPPP7ZZNUECQLOB6UAPOTFMN7I/,기타,,본문 없음
조선일보,‘200억 건물 모범납세’ 유재석  순금 상품에 팩폭 “세금 폭탄 맞아”,https://www.chosun.com/entertainments/broadcast/2025/05/31/WFDIITI2D5CGX3A5KD67KEW4JY/,기타,,본문 없음
조선일보,신지♥지상렬  썸 끝내고 진짜 연인될까..뽀뽀 후 “느낌이 달라”(살림남)[종합],https://www.chosun.com/entertainments/broadcast/2025/05/31/7JT24Y3GZQUNBLAX5IU5WTTOOI/,기타,,본문 없음
SBS,"윤 ""김문수에 힘 몰아달라""…이재명 ""내란 후보""",https://news.sbs.co.kr/news/endPage.do?news_id=N1008122054,정치,"윤 ""김문수에 힘 몰아달라""…이재명 ""내란 후보""
최근 24시간 이내 속보 및 알림을 표시합니다.
새로운 기사를 확인하세요!
""노란 액체"" 갑자기 폭발하듯 '확'…""사람들 막 달려"" 아비규환
실려 나온 남성 '검은 손', 알고 보니…""죽을 뻔 했다고!"" 정체 들킨 범인
양말 벗어주고, 손 잡고…불난 5호선 도착한 소방관들 놀란 이유
파란색 점퍼에 '빨간색' 칠한 민주당?…색칠한 운동화 신고 ""무슨 상관?""
""중국, 아시아 지배하려…동맹국 방위비 늘려야""
당신의 지적 탐험과 발견, 성장, 나눔의 세계로 이끌어줄 프리미엄 콘텐츠
Copyright ? SBS. All rights reserved. 무단 전재, 재배포 및 AI학습 이용 금지","이재명 ""내란 후보 신문은 24시간 이내 속보 및 알림을 표시하고 새로운 기사를 확인하세요""  "
SBS,빨파 운동화'·'티셔츠 문구'·'학식·산책'…3인 3색,https://news.sbs.co.kr/news/endPage.do?news_id=N1008122053,기타,"빨파 운동화'·'티셔츠 문구'·'학식·산책'…3인 3색
최근 24시간 이내 속보 및 알림을 표시합니다.
새로운 기사를 확인하세요!
""노란 액체"" 갑자기 폭발하듯 '확'…""사람들 막 달려"" 아비규환
실려 나온 남성 '검은 손', 알고 보니…""죽을 뻔 했다고!"" 정체 들킨 범인
양말 벗어주고, 손 잡고…불난 5호선 도착한 소방관들 놀란 이유
""6월 3일 반드시"" 윤 전 대통령 호소문 공개…소식 들은 이재명이 한 말
""중국, 아시아 지배하려…동맹국 방위비 늘려야""
당신의 지적 탐험과 발견, 성장, 나눔의 세계로 이끌어줄 프리미엄 콘텐츠
Copyright ? SBS. All rights reserved. 무단 전재, 재배포 및 AI학습 이용 금지","빨파 운동화'·'티셔츠 문구'·'학식·산책', '빨파 운동화'·'티셔츠 문구'·'학식·산책', '학식·산책','학식·산책' 등 3인 3색 뉴스를 통해 속보 및 알림을 표시한다."
SBS,"""댓글 달기 여론 조작"" vs ""도박 자금 출처 밝혀야""",https://news.sbs.co.kr/news/endPage.do?news_id=N1008122052,기타,"""댓글 달기 여론 조작"" vs ""도박 자금 출처 밝혀야""
최근 24시간 이내 속보 및 알림을 표시합니다.
새로운 기사를 확인하세요!
""노란 액체"" 갑자기 폭발하듯 '확'…""사람들 막 달려"" 아비규환
실려 나온 남성 '검은 손', 알고 보니…""죽을 뻔 했다고!"" 정체 들킨 범인
양말 벗어주고, 손 잡고…불난 5호선 도착한 소방관들 놀란 이유
""6월 3일 반드시"" 윤 전 대통령 호소문 공개…소식 들은 이재명이 한 말
파란색 점퍼에 '빨간색' 칠한 민주당?…색칠한 운동화 신고 ""무슨 상관?""
당신의 지적 탐험과 발견, 성장, 나눔의 세계로 이끌어줄 프리미엄 콘텐츠
Copyright ? SBS. All rights reserved. 무단 전재, 재배포 및 AI학습 이용 금지","윤 전 대통령이 윤 전 대통령 호소문 공개에 대해 ""도박 자금 출처 밝혀야 한다""고 주장하며 이재명이 한 말, '빨간색' 칠한 민주당?..."
SBS,"""독재 기도 이재명 막겠다""…""노동하기 좋은 나라""",https://news.sbs.co.kr/news/endPage.do?news_id=N1008122051,정치,"""독재 기도 이재명 막겠다""…""노동하기 좋은 나라""
최근 24시간 이내 속보 및 알림을 표시합니다.
새로운 기사를 확인하세요!
""노란 액체"" 갑자기 폭발하듯 '확'…""사람들 막 달려"" 아비규환
실려 나온 남성 '검은 손', 알고 보니…""죽을 뻔 했다고!"" 정체 들킨 범인
양말 벗어주고, 손 잡고…불난 5호선 도착한 소방관들 놀란 이유
""6월 3일 반드시"" 윤 전 대통령 호소문 공개…소식 들은 이재명이 한 말
파란색 점퍼에 '빨간색' 칠한 민주당?…색칠한 운동화 신고 ""무슨 상관?""
당신의 지적 탐험과 발견, 성장, 나눔의 세계로 이끌어줄 프리미엄 콘텐츠
Copyright ? SBS. All rights reserved. 무단 전재, 재배포 및 AI학습 이용 금지","독재 기도 이재명 막겠다', '독재 기도 이재명 막겠다', '독재 기도 이재명 막겠다', '6월 3일 반드시' 등의 내용이 담긴 윤 전 대통령 호소문이 공개되었다."
SBS,"""제 아내 자랑스러워""…이재명 가족 논란 직격",https://news.sbs.co.kr/news/endPage.do?news_id=N1008122050,정치,"""제 아내 자랑스러워""…이재명 가족 논란 직격
최근 24시간 이내 속보 및 알림을 표시합니다.
새로운 기사를 확인하세요!
""노란 액체"" 갑자기 폭발하듯 '확'…""사람들 막 달려"" 아비규환
실려 나온 남성 '검은 손', 알고 보니…""죽을 뻔 했다고!"" 정체 들킨 범인
양말 벗어주고, 손 잡고…불난 5호선 도착한 소방관들 놀란 이유
""6월 3일 반드시"" 윤 전 대통령 호소문 공개…소식 들은 이재명이 한 말
파란색 점퍼에 '빨간색' 칠한 민주당?…색칠한 운동화 신고 ""무슨 상관?""
당신의 지적 탐험과 발견, 성장, 나눔의 세계로 이끌어줄 프리미엄 콘텐츠
Copyright ? SBS. All rights reserved. 무단 전재, 재배포 및 AI학습 이용 금지","윤 전 대통령 호소문 공개, '빨간색' 칠한 민주당, '빨간색' 칠한 민주당, '색칠한 운동화 신고 '무슨 상관인사인지' 등 이재명 가족의 지적 탐험과 발견, 성장, 성장, 나눔의 세계로 이끌어줄 프리미엄 콘텐츠 이용가능하다."
SBS,"""공범 찾아내 책임 가려야…이기지 못하면 대죄""",https://news.sbs.co.kr/news/endPage.do?news_id=N1008122049,기타,"""공범 찾아내 책임 가려야…이기지 못하면 대죄""
최근 24시간 이내 속보 및 알림을 표시합니다.
새로운 기사를 확인하세요!
""노란 액체"" 갑자기 폭발하듯 '확'…""사람들 막 달려"" 아비규환
실려 나온 남성 '검은 손', 알고 보니…""죽을 뻔 했다고!"" 정체 들킨 범인
양말 벗어주고, 손 잡고…불난 5호선 도착한 소방관들 놀란 이유
""6월 3일 반드시"" 윤 전 대통령 호소문 공개…소식 들은 이재명이 한 말
파란색 점퍼에 '빨간색' 칠한 민주당?…색칠한 운동화 신고 ""무슨 상관?""
당신의 지적 탐험과 발견, 성장, 나눔의 세계로 이끌어줄 프리미엄 콘텐츠
Copyright ? SBS. All rights reserved. 무단 전재, 재배포 및 AI학습 이용 금지","윤 전 대통령 호소문 공개에 누리꾼들은 이재명이 한 말 자유한국당의 지적 탐험과 발견, 성장, 성장, 나눔의 세계로 이끌어줄 프리미엄 콘텐츠 2018년 1월 3일에 '빨간색' 칠한 운동화 신고 ""무슨 상관 노조는 당신의 지적 탐험과 발견, 성장, 나눔의 세계로 이끌어줄 프리미엄 콘텐츠 이용 가능하다."
SBS,"이재명 ""유시민 발언 부적절…본인 사과했으니 국민도 용서할것""",https://news.sbs.co.kr/news/endPage.do?news_id=N1008122078,정치,"이재명 ""유시민 발언 부적절…본인 사과했으니 국민도 용서할것""
최근 24시간 이내 속보 및 알림을 표시합니다.
새로운 기사를 확인하세요!
""노란 액체"" 갑자기 폭발하듯 '확'…""사람들 막 달려"" 아비규환
실려 나온 남성 '검은 손', 알고 보니…""죽을 뻔 했다고!"" 정체 들킨 범인
양말 벗어주고, 손 잡고…불난 5호선 도착한 소방관들 놀란 이유
""6월 3일 반드시"" 윤 전 대통령 호소문 공개…소식 들은 이재명이 한 말
파란색 점퍼에 '빨간색' 칠한 민주당?…색칠한 운동화 신고 ""무슨 상관?""
당신의 지적 탐험과 발견, 성장, 나눔의 세계로 이끌어줄 프리미엄 콘텐츠
Copyright ? SBS. All rights reserved. 무단 전재, 재배포 및 AI학습 이용 금지","이재명 ""유시민 발언 부적절...본인 사과했으니 국민도 용서할것입니다""라는 윤 전 대통령 호소문 공개, '빨간색' 칠한 민주당?..."
SBS,"윤석열 ""김문수 후보에 힘 몰아달라""…전광훈 집회서 대독 호소문",https://news.sbs.co.kr/news/endPage.do?news_id=N1008122077,정치,"윤석열 ""김문수 후보에 힘 몰아달라""…전광훈 집회서 대독 호소문
최근 24시간 이내 속보 및 알림을 표시합니다.
새로운 기사를 확인하세요!
""노란 액체"" 갑자기 폭발하듯 '확'…""사람들 막 달려"" 아비규환
실려 나온 남성 '검은 손', 알고 보니…""죽을 뻔 했다고!"" 정체 들킨 범인
양말 벗어주고, 손 잡고…불난 5호선 도착한 소방관들 놀란 이유
""6월 3일 반드시"" 윤 전 대통령 호소문 공개…소식 들은 이재명이 한 말
파란색 점퍼에 '빨간색' 칠한 민주당?…색칠한 운동화 신고 ""무슨 상관?""
당신의 지적 탐험과 발견, 성장, 나눔의 세계로 이끌어줄 프리미엄 콘텐츠
Copyright ? SBS. All rights reserved. 무단 전재, 재배포 및 AI학습 이용 금지","윤석열 ""김문수 후보에 힘 몰아달라""...전광훈 집회서 대독 호소문 공개...이재명이 한 말 자유한국당의 지적 탐험과 발견, 성장, 나눔의 세계로 이끌어줄 프리미엄 콘텐츠 2018년."
SBS,"이준석 ""박정희도 독재 말 들었지만 이재명이 가장 심할 것""",https://news.sbs.co.kr/news/endPage.do?news_id=N1008122075,정치,"이준석 ""박정희도 독재 말 들었지만 이재명이 가장 심할 것""
최근 24시간 이내 속보 및 알림을 표시합니다.
새로운 기사를 확인하세요!
""노란 액체"" 갑자기 폭발하듯 '확'…""사람들 막 달려"" 아비규환
실려 나온 남성 '검은 손', 알고 보니…""죽을 뻔 했다고!"" 정체 들킨 범인
양말 벗어주고, 손 잡고…불난 5호선 도착한 소방관들 놀란 이유
""6월 3일 반드시"" 윤 전 대통령 호소문 공개…소식 들은 이재명이 한 말
파란색 점퍼에 '빨간색' 칠한 민주당?…색칠한 운동화 신고 ""무슨 상관?""
당신의 지적 탐험과 발견, 성장, 나눔의 세계로 이끌어줄 프리미엄 콘텐츠
Copyright ? SBS. All rights reserved. 무단 전재, 재배포 및 AI학습 이용 금지","윤 전 대통령 호소문 공개, '빨간색' 칠한 민주당, '빨간색' 칠한 민주당 등 지적 탐험과 발견, 성장, 성장, 나눔의 세계로 이끌어줄 프리미엄 콘텐츠       All rights reserved."
SBS,"이재명 ""댓글 조작  반란…잔뿌리까지 다찾아 책임물어야""",https://news.sbs.co.kr/news/endPage.do?news_id=N1008121993,정치,"이재명 ""댓글 조작, 반란…잔뿌리까지 다찾아 책임물어야""
최근 24시간 이내 속보 및 알림을 표시합니다.
새로운 기사를 확인하세요!
""노란 액체"" 갑자기 폭발하듯 '확'…""사람들 막 달려"" 아비규환
실려 나온 남성 '검은 손', 알고 보니…""죽을 뻔 했다고!"" 정체 들킨 범인
양말 벗어주고, 손 잡고…불난 5호선 도착한 소방관들 놀란 이유
""6월 3일 반드시"" 윤 전 대통령 호소문 공개…소식 들은 이재명이 한 말
파란색 점퍼에 '빨간색' 칠한 민주당?…색칠한 운동화 신고 ""무슨 상관?""
당신의 지적 탐험과 발견, 성장, 나눔의 세계로 이끌어줄 프리미엄 콘텐츠
Copyright ? SBS. All rights reserved. 무단 전재, 재배포 및 AI학습 이용 금지","이재명 '검은 손', 정체 들킨 범인 제보양말 벗어주고, 손 잡고...불난 5호선 도착한 소방관들 놀란 이유와 윤 전 대통령 호소문 공개, '빨간색' 칠한 민주당?..."
